-I src/coq-plugin-lib/src/utilities
-I src/coq-plugin-lib/src/coq
-I src/categories
-I src/categories/representation
-I src/categories/compilation
-I src/core/configuration
-I src/core/components/abstraction
-I src/core/components/specialization
-I src/core/components/inversion
-I src/core/components/factoring
-I src/core/components/differencing
-I src/core/procedures
-I src
-R src Patcher
-Q theories Patcher

src/coq-plugin-lib/src/utilities/utilities.mli
src/coq-plugin-lib/src/utilities/utilities.ml

src/coq-plugin-lib/src/coq/coqterms.mli
src/coq-plugin-lib/src/coq/coqterms.ml
src/coq-plugin-lib/src/coq/printing.mli
src/coq-plugin-lib/src/coq/printing.ml
src/coq-plugin-lib/src/coq/hofs.mli
src/coq-plugin-lib/src/coq/hofs.ml
src/coq-plugin-lib/src/coq/debruijn.mli
src/coq-plugin-lib/src/coq/debruijn.ml
src/coq-plugin-lib/src/coq/substitution.mli
src/coq-plugin-lib/src/coq/substitution.ml
src/coq-plugin-lib/src/coq/filters.mli
src/coq-plugin-lib/src/coq/filters.ml
src/coq-plugin-lib/src/coq/reducers.mli
src/coq-plugin-lib/src/coq/reducers.ml

src/categories/category.mli
src/categories/category.ml

src/categories/representation/candidates.mli
src/categories/representation/candidates.ml
src/categories/representation/assumptions.mli
src/categories/representation/assumptions.ml
src/categories/representation/merging.mli
src/categories/representation/merging.ml
src/categories/representation/proofcat.mli
src/categories/representation/proofcat.ml
src/categories/representation/proofcatterms.mli
src/categories/representation/proofcatterms.ml
src/categories/representation/cutlemma.mli
src/categories/representation/cutlemma.ml
src/categories/representation/kindofchange.mli
src/categories/representation/kindofchange.ml

src/categories/compilation/evaluation.mli
src/categories/compilation/evaluation.ml
src/categories/compilation/expansion.mli
src/categories/compilation/expansion.ml
src/categories/compilation/proofdiff.mli
src/categories/compilation/proofdiff.ml
src/categories/compilation/zooming.mli
src/categories/compilation/zooming.ml

src/core/configuration/searchopts.mli
src/core/configuration/searchopts.ml

src/core/components/specialization/specialization.mli
src/core/components/specialization/specialization.ml

src/core/components/abstraction/abstracters.mli
src/core/components/abstraction/abstracters.ml
src/core/components/abstraction/abstractionconfig.mli
src/core/components/abstraction/abstractionconfig.ml
src/core/components/abstraction/abstraction.mli
src/core/components/abstraction/abstraction.ml

src/core/components/factoring/factoring.mli
src/core/components/factoring/factoring.ml

src/core/components/inversion/inverting.mli
src/core/components/inversion/inverting.ml

src/core/components/differencing/differencers.mli
src/core/components/differencing/differencers.ml
src/core/components/differencing/changedetectors.mli
src/core/components/differencing/changedetectors.ml
src/core/components/differencing/proofdifferencers.mli
src/core/components/differencing/proofdifferencers.ml
src/core/components/differencing/higherdifferencers.mli
src/core/components/differencing/higherdifferencers.ml
src/core/components/differencing/appdifferencers.mli
src/core/components/differencing/appdifferencers.ml
src/core/components/differencing/inddifferencers.mli
src/core/components/differencing/inddifferencers.ml
src/core/components/differencing/fixdifferencers.mli
src/core/components/differencing/fixdifferencers.ml
src/core/components/differencing/differencing.mli
src/core/components/differencing/differencing.ml

src/core/procedures/search.mli
src/core/procedures/search.ml
src/core/procedures/theorem.mli
src/core/procedures/theorem.ml
src/core/procedures/desugar.mli
src/core/procedures/desugar.ml

src/patcher.ml4
src/patch.mlpack

theories/Patch.v
